{
  "golden_identifier": "Xbox_Hardware",
  "goldens_without_results": [
    "Color_zeta_overlap:AdjacentWithAA",
    "Stipple_tests:Alternating_Off",
    "Stipple_tests:Border_Off",
    "Stipple_tests:Zero_Off",
    "Texture_signed_component_tests:txt_A8R8G8B8"
  ],
  "result_identifier": "xemu-0.8.15-master-86344a8543194f4e21d3777a382c608fc4fff4f2:Darwin_arm64:gl_Apple_Apple_M3_Max:gslv_4.10",
  "tests_with_differences": {
    "Combiner:ColorAlphaIndependence": 5.002423677069601e-06,
    "Combiner:Flags": 0.0029976926743984222,
    "Combiner:Independence": 0.0016226478619500995,
    "Combiner:Mux": 0.0009975637076422572,
    "Fog:AFF-exp-planar": 0.004009251482784748,
    "Fog:AFF-exp2-planar": 0.004007089417427778,
    "Fog:AFF-exp2_abs-planar": 0.004007089417427778,
    "Fog:AFF-exp_abs-planar": 0.004009251017123461,
    "Fog:AFF-linear-planar": 0.002902747131884098,
    "Fog:AFF-linear_abs-planar": 0.0037248218432068825,
    "SetVertexData:SET_VERTEX_DATA2F_M": 0.0020434376783668995,
    "SetVertexData:SET_VERTEX_DATA2S-0001": 0.0020860484801232815,
    "SetVertexData:SET_VERTEX_DATA2S-7FFF": 0.003248515771701932,
    "SetVertexData:SET_VERTEX_DATA4F_M": 0.0020915193017572165,
    "SetVertexData:SET_VERTEX_DATA4S_M-0001": 0.0022627420257776976,
    "SetVertexData:SET_VERTEX_DATA4S_M-7FFF": 0.00338552868925035,
    "SetVertexData:SET_VERTEX_DATA4UB": 0.0018446738831698895,
    "Stencil:Stencil_REPLACE_ST": 0.1496063470840454,
    "Stencil:Stencil_REPLACE_ST_DT": 0.15013642609119415,
    "Stencil:Stencil_REPLACE_ST_DT_ZB": 1.560112286824733e-05,
    "Stencil:Stencil_REPLACE_ST_ZB": 1.560112286824733e-05,
    "Stencil:Stencil_ZERO_ST": 0.14961309731006622,
    "Stencil:Stencil_ZERO_ST_DT": 0.15013550221920013,
    "Stencil:Stencil_ZERO_ST_DT_ZB": 0.22055692970752716,
    "Stencil:Stencil_ZERO_ST_ZB": 0.22055692970752716,
    "Texgen:Disabled": 1.4618404748034663e-05,
    "Texgen:EyeLinear": 9.901003977574874e-06,
    "Texgen:ObjectLinear": 9.900690201902762e-06,
    "Texgen:ReflectionMap": 5.519852948054904e-07,
    "Viewport:-0.438_-0.438-0.000_0.000": 0.07110129296779633,
    "Viewport:0.531_0.531-0.000_0.000": 0.08397798240184784,
    "Viewport:0.531_0.531-2.000_0.000": 0.0839800238609314,
    "Viewport:0.562_0.562-0.000_0.000": 0.06187629699707031,
    "ZMinMaxControl:CtrlFixed_NEARFAR_ZCLAMP": 0.18971210718154907,
    "ZMinMaxControl:CtrlFixed_NEARFAR_ZCLAMP_IgnW": 0.1876688301563263,
    "ZMinMaxControl:CtrlFixed_NEARFAR_ZCULL": 0.20253154635429382,
    "ZMinMaxControl:CtrlFixed_NEARFAR_ZCULL_IgnW": 0.20021837949752808,
    "ZMinMaxControl:CtrlFixed_WBuf_NEARFAR_ZCLAMP": 0.18779224157333374,
    "ZMinMaxControl:CtrlFixed_WBuf_NEARFAR_ZCLAMP_IgnW": 0.18615949153900146,
    "ZMinMaxControl:CtrlFixed_WBuf_NEARFAR_ZCULL": 0.32257312536239624,
    "ZMinMaxControl:CtrlFixed_WBuf_NEARFAR_ZCULL_IgnW": 0.3180440068244934,
    "ZMinMaxControl:CtrlFixed_WBuf_ZCLAMP": 0.07072071731090546,
    "ZMinMaxControl:CtrlFixed_WBuf_ZCLAMP_IgnW": 0.06753116846084595,
    "ZMinMaxControl:CtrlFixed_WBuf_ZCULL": 0.288046658039093,
    "ZMinMaxControl:CtrlFixed_WBuf_ZCULL_IgnW": 0.2877397835254669,
    "ZMinMaxControl:CtrlFixed_ZCLAMP": 0.07402633130550385,
    "ZMinMaxControl:CtrlFixed_ZCLAMP_IgnW": 0.07125752419233322,
    "ZMinMaxControl:CtrlFixed_ZCULL": 0.20268476009368896,
    "ZMinMaxControl:CtrlFixed_ZCULL_IgnW": 0.20267435908317566,
    "ZMinMaxControl:Ctrl_NEARFAR_ZCLAMP": 0.1620655357837677,
    "ZMinMaxControl:Ctrl_NEARFAR_ZCLAMP_IgnW": 0.16159683465957642,
    "ZMinMaxControl:Ctrl_NEARFAR_ZCULL": 0.18301573395729065,
    "ZMinMaxControl:Ctrl_NEARFAR_ZCULL_IgnW": 0.18262460827827454,
    "ZMinMaxControl:Ctrl_WBuf_NEARFAR_ZCLAMP": 0.16167394816875458,
    "ZMinMaxControl:Ctrl_WBuf_NEARFAR_ZCLAMP_IgnW": 0.15948709845542908,
    "ZMinMaxControl:Ctrl_WBuf_NEARFAR_ZCULL": 0.3133849799633026,
    "ZMinMaxControl:Ctrl_WBuf_NEARFAR_ZCULL_IgnW": 0.31029951572418213,
    "ZMinMaxControl:Ctrl_WBuf_ZCLAMP": 0.010183338075876236,
    "ZMinMaxControl:Ctrl_WBuf_ZCLAMP_IgnW": 0.01016338262706995,
    "ZMinMaxControl:Ctrl_WBuf_ZCULL": 0.2740115821361542,
    "ZMinMaxControl:Ctrl_WBuf_ZCULL_IgnW": 0.2731226086616516,
    "ZMinMaxControl:Ctrl_ZCLAMP": 0.010183229111135006,
    "ZMinMaxControl:Ctrl_ZCLAMP_IgnW": 0.010183164849877357,
    "ZMinMaxControl:Ctrl_ZCULL": 0.18193873763084412,
    "ZMinMaxControl:Ctrl_ZCULL_IgnW": 0.1818862408399582
  },
  "tests_without_goldens": []
}