{
  "golden_identifier": "Xbox_Hardware",
  "goldens_without_results": [
    "Antialiasing_tests:FramebufferNotModifiedBySurfaceState",
    "Color_zeta_overlap:AdjacentWithAA",
    "Color_zeta_overlap:ZetaIntoColor",
    "Color_zeta_overlap:ZetaIntoColor_ZB",
    "Stipple_tests:Alternating_Off",
    "Stipple_tests:Border_Off",
    "Stipple_tests:Zero_Off",
    "Texture_signed_component_tests:txt_A8R8G8B8"
  ],
  "result_identifier": "xemu-0.7.134-master-79441500fe8279a4136f8238044dc3b2e1d1d56b:Linux_x86_64:gl_Mesa_NV134:gslv_4.30",
  "tests_with_differences": {
    "Combiner:Flags": 0.0029976931400597095,
    "Combiner:Independence": 0.0016226484440267086,
    "Combiner:Mux": 0.0009975647553801537,
    "Fog:AFF-exp-planar": 0.00399831123650074,
    "Fog:AFF-exp2-planar": 0.004003648180514574,
    "Fog:AFF-exp2_abs-planar": 0.004003648180514574,
    "Fog:AFF-exp_abs-planar": 0.0039983103051781654,
    "Fog:AFF-linear-planar": 0.0028992965817451477,
    "Fog:AFF-linear_abs-planar": 0.003722322639077902,
    "SetVertexData:SET_VERTEX_DATA2F_M": 0.0020462896209210157,
    "SetVertexData:SET_VERTEX_DATA2S-0001": 0.0020860477816313505,
    "SetVertexData:SET_VERTEX_DATA2S-7FFF": 0.003248515771701932,
    "SetVertexData:SET_VERTEX_DATA4F_M": 0.0020965966396033764,
    "SetVertexData:SET_VERTEX_DATA4S_M-0001": 0.0022627408616244793,
    "SetVertexData:SET_VERTEX_DATA4S_M-7FFF": 0.0033855284564197063,
    "SetVertexData:SET_VERTEX_DATA4UB": 0.0018446724861860275,
    "Texgen:Disabled": 1.4618413842981681e-05,
    "Texgen:EyeLinear": 9.901126759359613e-06,
    "Texgen:ObjectLinear": 9.9008120741928e-06,
    "Texgen:ReflectionMap": 5.519868295777997e-07,
    "Viewport:-0.438_-0.438-0.000_0.000": 0.07110129296779633,
    "Viewport:0.531_0.531-0.000_0.000": 0.08397798240184784,
    "Viewport:0.531_0.531-2.000_0.000": 0.0839800238609314,
    "Viewport:0.562_0.562-0.000_0.000": 0.061876289546489716,
    "ZMinMaxControl:CtrlFixed_NEARFAR_ZCLAMP": 0.07799181342124939,
    "ZMinMaxControl:CtrlFixed_NEARFAR_ZCLAMP_IgnW": 0.07689014077186584,
    "ZMinMaxControl:CtrlFixed_NEARFAR_ZCULL": 0.045421529561281204,
    "ZMinMaxControl:CtrlFixed_NEARFAR_ZCULL_IgnW": 0.045257821679115295,
    "ZMinMaxControl:CtrlFixed_WBuf_NEARFAR_ZCLAMP": 0.07699795067310333,
    "ZMinMaxControl:CtrlFixed_WBuf_NEARFAR_ZCLAMP_IgnW": 0.0755845382809639,
    "ZMinMaxControl:CtrlFixed_WBuf_NEARFAR_ZCULL": 0.20664900541305542,
    "ZMinMaxControl:CtrlFixed_WBuf_NEARFAR_ZCULL_IgnW": 0.20305372774600983,
    "ZMinMaxControl:CtrlFixed_WBuf_ZCLAMP": 0.22008885443210602,
    "ZMinMaxControl:CtrlFixed_WBuf_ZCLAMP_IgnW": 0.21636392176151276,
    "ZMinMaxControl:CtrlFixed_WBuf_ZCULL": 0.24838779866695404,
    "ZMinMaxControl:CtrlFixed_WBuf_ZCULL_IgnW": 0.2480858713388443,
    "ZMinMaxControl:CtrlFixed_ZCLAMP": 0.22270797193050385,
    "ZMinMaxControl:CtrlFixed_ZCLAMP_IgnW": 0.22022537887096405,
    "ZMinMaxControl:CtrlFixed_ZCULL": 0.04546825587749481,
    "ZMinMaxControl:CtrlFixed_ZCULL_IgnW": 0.04535911604762077,
    "ZMinMaxControl:Ctrl_NEARFAR_ZCLAMP": 0.03837258741259575,
    "ZMinMaxControl:Ctrl_NEARFAR_ZCLAMP_IgnW": 0.03857601806521416,
    "ZMinMaxControl:Ctrl_NEARFAR_ZCULL": 0.010400146245956421,
    "ZMinMaxControl:Ctrl_NEARFAR_ZCULL_IgnW": 0.010393396951258183,
    "ZMinMaxControl:Ctrl_WBuf_NEARFAR_ZCLAMP": 0.2470371276140213,
    "ZMinMaxControl:Ctrl_WBuf_NEARFAR_ZCLAMP_IgnW": 0.24480760097503662,
    "ZMinMaxControl:Ctrl_WBuf_NEARFAR_ZCULL": 0.04898713156580925,
    "ZMinMaxControl:Ctrl_WBuf_NEARFAR_ZCULL_IgnW": 0.04898713156580925,
    "ZMinMaxControl:Ctrl_WBuf_ZCLAMP": 0.2768733501434326,
    "ZMinMaxControl:Ctrl_WBuf_ZCLAMP_IgnW": 0.2766292989253998,
    "ZMinMaxControl:Ctrl_WBuf_ZCULL": 0.006022211164236069,
    "ZMinMaxControl:Ctrl_WBuf_ZCULL_IgnW": 0.006022211164236069,
    "ZMinMaxControl:Ctrl_ZCLAMP": 0.1853175312280655,
    "ZMinMaxControl:Ctrl_ZCLAMP_IgnW": 0.18576553463935852,
    "ZMinMaxControl:Ctrl_ZCULL": 0.010401789098978043,
    "ZMinMaxControl:Ctrl_ZCULL_IgnW": 0.010401740670204163
  },
  "tests_without_goldens": []
}