{
  "golden_identifier": "Xbox_Hardware",
  "goldens_without_results": [
    "Antialiasing_tests:AAOnThenOffCPUWrite",
    "Antialiasing_tests:FramebufferNotModifiedBySurfaceState",
    "Color_zeta_overlap:AdjacentWithAA",
    "Stipple_tests:Alternating_Off",
    "Stipple_tests:Border_Off",
    "Stipple_tests:Zero_Off",
    "Texture_signed_component_tests:txt_A8R8G8B8"
  ],
  "result_identifier": "xemu-0.8.15-master-86344a8543194f4e21d3777a382c608fc4fff4f2:Linux_x86_64:gl_Mesa_NV134:gslv_4.30",
  "tests_with_differences": {
    "Combiner:Flags": 0.0029976931400597095,
    "Combiner:Independence": 0.0016226484440267086,
    "Combiner:Mux": 0.0009975647553801537,
    "Fog:AFF-exp-planar": 0.003998259548097849,
    "Fog:AFF-exp2-planar": 0.00400397926568985,
    "Fog:AFF-exp2_abs-planar": 0.00400397926568985,
    "Fog:AFF-exp_abs-planar": 0.003998258616775274,
    "Fog:AFF-linear-planar": 0.002899433486163616,
    "Fog:AFF-linear_abs-planar": 0.0037226383574306965,
    "SetVertexData:SET_VERTEX_DATA2F_M": 0.0020462896209210157,
    "SetVertexData:SET_VERTEX_DATA2S-0001": 0.0020860477816313505,
    "SetVertexData:SET_VERTEX_DATA2S-7FFF": 0.003248515771701932,
    "SetVertexData:SET_VERTEX_DATA4F_M": 0.0020965966396033764,
    "SetVertexData:SET_VERTEX_DATA4S_M-0001": 0.0022627408616244793,
    "SetVertexData:SET_VERTEX_DATA4S_M-7FFF": 0.0033855284564197063,
    "SetVertexData:SET_VERTEX_DATA4UB": 0.0018446724861860275,
    "Stencil:Stencil_REPLACE": 0.13808104395866394,
    "Texgen:Disabled": 1.4618413842981681e-05,
    "Texgen:EyeLinear": 9.901126759359613e-06,
    "Texgen:ObjectLinear": 9.9008120741928e-06,
    "Texgen:ReflectionMap": 5.519868295777997e-07,
    "Viewport:-0.438_-0.438-0.000_0.000": 0.07110129296779633,
    "Viewport:0.531_0.531-0.000_0.000": 0.08397798240184784,
    "Viewport:0.531_0.531-2.000_0.000": 0.0839800238609314,
    "Viewport:0.562_0.562-0.000_0.000": 0.061876289546489716,
    "ZMinMaxControl:CtrlFixed_NEARFAR_ZCLAMP": 0.18970537185668945,
    "ZMinMaxControl:CtrlFixed_NEARFAR_ZCLAMP_IgnW": 0.1876620650291443,
    "ZMinMaxControl:CtrlFixed_NEARFAR_ZCULL": 0.2025281935930252,
    "ZMinMaxControl:CtrlFixed_NEARFAR_ZCULL_IgnW": 0.20021489262580872,
    "ZMinMaxControl:CtrlFixed_WBuf_NEARFAR_ZCLAMP": 0.18778575956821442,
    "ZMinMaxControl:CtrlFixed_WBuf_NEARFAR_ZCLAMP_IgnW": 0.1861531287431717,
    "ZMinMaxControl:CtrlFixed_WBuf_NEARFAR_ZCULL": 0.32256001234054565,
    "ZMinMaxControl:CtrlFixed_WBuf_NEARFAR_ZCULL_IgnW": 0.3180292248725891,
    "ZMinMaxControl:CtrlFixed_WBuf_ZCLAMP": 0.07072954624891281,
    "ZMinMaxControl:CtrlFixed_WBuf_ZCLAMP_IgnW": 0.06753968447446823,
    "ZMinMaxControl:CtrlFixed_WBuf_ZCULL": 0.2880367934703827,
    "ZMinMaxControl:CtrlFixed_WBuf_ZCULL_IgnW": 0.28773021697998047,
    "ZMinMaxControl:CtrlFixed_ZCLAMP": 0.07403352856636047,
    "ZMinMaxControl:CtrlFixed_ZCLAMP_IgnW": 0.07126565277576447,
    "ZMinMaxControl:CtrlFixed_ZCULL": 0.20268093049526215,
    "ZMinMaxControl:CtrlFixed_ZCULL_IgnW": 0.20267122983932495,
    "ZMinMaxControl:Ctrl_NEARFAR_ZCLAMP": 0.162065789103508,
    "ZMinMaxControl:Ctrl_NEARFAR_ZCLAMP_IgnW": 0.16159680485725403,
    "ZMinMaxControl:Ctrl_NEARFAR_ZCULL": 0.1830189973115921,
    "ZMinMaxControl:Ctrl_NEARFAR_ZCULL_IgnW": 0.1826266348361969,
    "ZMinMaxControl:Ctrl_WBuf_NEARFAR_ZCLAMP": 0.16167180240154266,
    "ZMinMaxControl:Ctrl_WBuf_NEARFAR_ZCLAMP_IgnW": 0.15948516130447388,
    "ZMinMaxControl:Ctrl_WBuf_NEARFAR_ZCULL": 0.3133850693702698,
    "ZMinMaxControl:Ctrl_WBuf_NEARFAR_ZCULL_IgnW": 0.31029996275901794,
    "ZMinMaxControl:Ctrl_WBuf_ZCLAMP": 0.010185659863054752,
    "ZMinMaxControl:Ctrl_WBuf_ZCLAMP_IgnW": 0.01016567274928093,
    "ZMinMaxControl:Ctrl_WBuf_ZCULL": 0.27400797605514526,
    "ZMinMaxControl:Ctrl_WBuf_ZCULL_IgnW": 0.2731207609176636,
    "ZMinMaxControl:Ctrl_ZCLAMP": 0.010185468941926956,
    "ZMinMaxControl:Ctrl_ZCLAMP_IgnW": 0.010185491293668747,
    "ZMinMaxControl:Ctrl_ZCULL": 0.18193881213665009,
    "ZMinMaxControl:Ctrl_ZCULL_IgnW": 0.18188750743865967
  },
  "tests_without_goldens": []
}